truncate table Person;
insert into Person(id,name,phone_number) values('100','Naftali','122-3190478');
insert into Person(id,name,phone_number) values('13','Ezra','283-3532177');
insert into Person(id,name,phone_number) values('130','Yaffah','637-0126340');
insert into Person(id,name,phone_number) values('134','Dalia','987-3395323');
insert into Person(id,name,phone_number) values('143','Refael','283-5630859');
insert into Person(id,name,phone_number) values('157','Gavriel','889-5967011');
insert into Person(id,name,phone_number) values('196','Gelleh','637-6648897');
insert into Person(id,name,phone_number) values('217','Miriam','379-7127402');
insert into Person(id,name,phone_number) values('252','Daniel','078-4150982');
insert into Person(id,name,phone_number) values('317','Gelleh','771-7880222');
insert into Person(id,name,phone_number) values('322','Menachem','283-2759376');
insert into Person(id,name,phone_number) values('354','Meir','159-8368208');
insert into Person(id,name,phone_number) values('355','Yehudah','379-4811100');
insert into Person(id,name,phone_number) values('368','Meir','159-8068579');
insert into Person(id,name,phone_number) values('369','Dalia','637-0879945');
insert into Person(id,name,phone_number) values('376','Gavriel','078-6192794');
insert into Person(id,name,phone_number) values('401','Aharon','120-3259552');
insert into Person(id,name,phone_number) values('426','Yehudit','870-4713239');
insert into Person(id,name,phone_number) values('49','David','987-9811162');
insert into Person(id,name,phone_number) values('50','Yosef','889-4077059');
insert into Person(id,name,phone_number) values('502','Gavriel','870-5834859');
insert into Person(id,name,phone_number) values('503','Meir','122-6802989');
insert into Person(id,name,phone_number) values('548','Daniel','753-6328979');
insert into Person(id,name,phone_number) values('549','Aharon','078-8481968');
insert into Person(id,name,phone_number) values('603','Sarah','637-9081493');
insert into Person(id,name,phone_number) values('618','Rachel','078-0698401');
insert into Person(id,name,phone_number) values('67','Yosef','850-6827554');
insert into Person(id,name,phone_number) values('688','Meir','238-6396607');
insert into Person(id,name,phone_number) values('730','Yehudah','850-4701540');
insert into Person(id,name,phone_number) values('786','Benjamin','889-7629213');
insert into Person(id,name,phone_number) values('801','Naftali','238-0450118');
insert into Person(id,name,phone_number) values('879','Michael','373-0784487');
insert into Person(id,name,phone_number) values('912','Meir','159-2682623');
insert into Person(id,name,phone_number) values('937','Yaffah','078-9560075');
insert into Person(id,name,phone_number) values('948','Benjamin','850-2886149');
insert into Person(id,name,phone_number) values('958','Yosef','379-5077283');
insert into Person(id,name,phone_number) values('963','Freida','850-5631607');
truncate table Country;
insert into Country(name,country_code) values('Brazil','356');
insert into Country(name,country_code) values('Turkey','379');
insert into Country(name,country_code) values('China','078');
insert into Country(name,country_code) values('Israel','120');
insert into Country(name,country_code) values('Algeria','283');
insert into Country(name,country_code) values('Japan','122');
insert into Country(name,country_code) values('Ethiopia','745');
insert into Country(name,country_code) values('Spain','987');
insert into Country(name,country_code) values('SaudiArabia','753');
insert into Country(name,country_code) values('Nigeria','850');
insert into Country(name,country_code) values('France','238');
insert into Country(name,country_code) values('Tunisia','966');
insert into Country(name,country_code) values('Germany','749');
insert into Country(name,country_code) values('Mexico','637');
insert into Country(name,country_code) values('Peru','870');
insert into Country(name,country_code) values('Morocco','159');
insert into Country(name,country_code) values('Qatar','964');
insert into Country(name,country_code) values('Italy','373');
insert into Country(name,country_code) values('Libya','771');
insert into Country(name,country_code) values('Russia','889');
truncate table Calls;
insert into Calls(caller_id,callee_id,duration) values('548','13','297');
insert into Calls(caller_id,callee_id,duration) values('801','549','265');
insert into Calls(caller_id,callee_id,duration) values('426','368','335');
insert into Calls(caller_id,callee_id,duration) values('948','618','543');
insert into Calls(caller_id,callee_id,duration) values('503','426','907');
insert into Calls(caller_id,callee_id,duration) values('217','376','631');
insert into Calls(caller_id,callee_id,duration) values('730','143','335');
insert into Calls(caller_id,callee_id,duration) values('134','130','938');
insert into Calls(caller_id,callee_id,duration) values('157','548','986');
insert into Calls(caller_id,callee_id,duration) values('948','730','215');
insert into Calls(caller_id,callee_id,duration) values('948','252','660');
insert into Calls(caller_id,callee_id,duration) values('549','130','431');
insert into Calls(caller_id,callee_id,duration) values('937','143','827');
insert into Calls(caller_id,callee_id,duration) values('13','317','579');
insert into Calls(caller_id,callee_id,duration) values('13','252','318');
insert into Calls(caller_id,callee_id,duration) values('322','50','57');
insert into Calls(caller_id,callee_id,duration) values('100','786','474');
insert into Calls(caller_id,callee_id,duration) values('503','67','544');
insert into Calls(caller_id,callee_id,duration) values('252','912','107');
insert into Calls(caller_id,callee_id,duration) values('549','963','597');
insert into Calls(caller_id,callee_id,duration) values('948','143','776');
insert into Calls(caller_id,callee_id,duration) values('217','143','83');
insert into Calls(caller_id,callee_id,duration) values('354','143','846');
insert into Calls(caller_id,callee_id,duration) values('355','958','956');
insert into Calls(caller_id,callee_id,duration) values('67','369','874');
insert into Calls(caller_id,callee_id,duration) values('426','322','921');
insert into Calls(caller_id,callee_id,duration) values('322','49','661');
insert into Calls(caller_id,callee_id,duration) values('196','548','558');
insert into Calls(caller_id,callee_id,duration) values('100','937','195');
insert into Calls(caller_id,callee_id,duration) values('879','322','694');
insert into Calls(caller_id,callee_id,duration) values('134','548','807');
insert into Calls(caller_id,callee_id,duration) values('252','376','606');
insert into Calls(caller_id,callee_id,duration) values('786','217','666');
insert into Calls(caller_id,callee_id,duration) values('368','963','880');
insert into Calls(caller_id,callee_id,duration) values('13','688','804');
insert into Calls(caller_id,callee_id,duration) values('143','958','548');
insert into Calls(caller_id,callee_id,duration) values('401','355','24');
insert into Calls(caller_id,callee_id,duration) values('549','130','636');
insert into Calls(caller_id,callee_id,duration) values('157','217','651');
insert into Calls(caller_id,callee_id,duration) values('618','100','39');
insert into Calls(caller_id,callee_id,duration) values('354','322','190');
insert into Calls(caller_id,callee_id,duration) values('354','355','338');
insert into Calls(caller_id,callee_id,duration) values('688','801','854');
insert into Calls(caller_id,callee_id,duration) values('401','801','350');
insert into Calls(caller_id,callee_id,duration) values('130','503','235');
insert into Calls(caller_id,callee_id,duration) values('196','958','713');
insert into Calls(caller_id,callee_id,duration) values('130','937','548');
insert into Calls(caller_id,callee_id,duration) values('503','603','903');
insert into Calls(caller_id,callee_id,duration) values('134','252','799');
insert into Calls(caller_id,callee_id,duration) values('548','912','372');
insert into Calls(caller_id,callee_id,duration) values('143','426','183');
insert into Calls(caller_id,callee_id,duration) values('502','196','49');
insert into Calls(caller_id,callee_id,duration) values('786','317','967');
insert into Calls(caller_id,callee_id,duration) values('217','134','278');
insert into Calls(caller_id,callee_id,duration) values('322','548','289');
insert into Calls(caller_id,callee_id,duration) values('217','67','385');
insert into Calls(caller_id,callee_id,duration) values('134','688','491');
insert into Calls(caller_id,callee_id,duration) values('49','548','383');
insert into Calls(caller_id,callee_id,duration) values('879','503','407');
insert into Calls(caller_id,callee_id,duration) values('548','67','754');
insert into Calls(caller_id,callee_id,duration) values('730','130','524');
insert into Calls(caller_id,callee_id,duration) values('67','217','794');
insert into Calls(caller_id,callee_id,duration) values('157','13','560');
insert into Calls(caller_id,callee_id,duration) values('502','603','852');
insert into Calls(caller_id,callee_id,duration) values('157','801','814');
insert into Calls(caller_id,callee_id,duration) values('937','503','606');
insert into Calls(caller_id,callee_id,duration) values('549','503','975');
insert into Calls(caller_id,callee_id,duration) values('322','401','782');
insert into Calls(caller_id,callee_id,duration) values('49','252','134');
insert into Calls(caller_id,callee_id,duration) values('879','502','712');
insert into Calls(caller_id,callee_id,duration) values('548','549','829');
insert into Calls(caller_id,callee_id,duration) values('937','143','148');
insert into Calls(caller_id,callee_id,duration) values('603','786','679');
insert into Calls(caller_id,callee_id,duration) values('252','354','106');
truncate table Output;
insert into Output(country) values('Turkey');
insert into Output(country) values('SaudiArabia');
insert into Output(country) values('Nigeria');
insert into Output(country) values('France');
insert into Output(country) values('Tunisia');
insert into Output(country) values('Mexico');
insert into Output(country) values('Italy');
insert into Output(country) values('Libya');
insert into Output(country) values('Russia');
truncate table Expected;
insert into Expected(country) values('Spain');
insert into Expected(country) values('SaudiArabia');
insert into Expected(country) values('Nigeria');
insert into Expected(country) values('France');
insert into Expected(country) values('Mexico');
insert into Expected(country) values('Peru');
insert into Expected(country) values('Italy');
insert into Expected(country) values('Russia');
insert into Expected(country) values('Libya');